"","term","estimate","std.error","statistic","p.value"
"1","(Intercept)",24.9351612903226,0.722423597244674,34.5159839537709,2.72259455866717e-81
"2","as.factor(Chopstick.Length)210",0.54870967741934,1.02166124900177,0.537075941713033,0.591878422483907
"3","as.factor(Chopstick.Length)240",1.38774193548386,1.02166124900178,1.35831904835361,0.176062447273377
"4","as.factor(Chopstick.Length)270",-0.611290322580656,1.02166124900178,-0.598329752819656,0.550372064098828
"5","as.factor(Chopstick.Length)300",0.0329032258064433,1.02166124900178,0.0322056120251127,0.974343763651088
"6","as.factor(Chopstick.Length)330",-0.935483870967752,1.02166124900178,-0.915649753655407,0.36107567785701
